INSERT INTO game_info (id,uuid,title,summary,first_release_date,genres,pegi,platforms,cover_url,created_at) VALUES
(1,'037a164c-23f8-4e92-83ce-6e2ae44dd43e','Cyberpunk 2077','Cyberpunk 2077 is an open-world, action-adventure story set in Night City, a megalopolis obsessed with power, glamour and body modification. You play as V, a mercenary outlaw going after a one-of-a-kind implant that is the key to immortality. You can customize your character’s cyberware, skillset and playstyle, and explore a vast city where the choices you make shape the story and the world around you.','2020-12-09','10,16,2',5,'1,2,4','//images.igdb.com/igdb/image/upload/t_thumb/co7497.jpg','2024-09-04 15:26:35'),
(2,'34555e6a-1dd7-412b-a431-963dea720b95','The Legend of Zelda: Breath of the Wild','The Legend of Zelda: Breath of the Wild is the first 3D open-world game in the Zelda series. Link can travel anywhere and be equipped with weapons and armor found throughout the world to grant him various bonuses. Unlike many games in the series, Breath of the Wild does not impose a specific order in which quests or dungeons must be completed. While the game still has environmental obstacles such as weather effects, inhospitable lands, or powerful enemies, many of them can be overcome using the right method. A lot of critics ranked Breath of the Wild as one of the best video games of all time.','2017-03-03','13,16,2',3,'3','//images.igdb.com/igdb/image/upload/t_thumb/co3p2d.jpg','2024-09-04 15:26:35'),
(3,'fa578822-7833-45ec-a187-5e8d193b34ab','Assassin''s Creed Odyssey','Write your own epic odyssey and become a legendary Spartan hero in Assassin''s Creed Odyssey, an inspiring adventure where you must forge your destiny and define your own path in a world on the brink of tearing itself apart. Influence how history unfolds as you experience a rich and ever-changing world shaped by your decisions.','2018-10-05','16,2',5,'1,2,4','//images.igdb.com/igdb/image/upload/t_thumb/co2nul.jpg','2024-09-04 15:26:35'),
(4,'f38957a6-86ad-4283-8162-bfba2505987f','Forza Horizon 4: Ultimate Edition','Dynamic seasons change everything at the world’s greatest automotive festival. Go it alone or team up with others to explore beautiful and historic Britain in a shared open world. Collect, modify and drive over 450 cars. Race, stunt, create and explore – choose your own path to become a Horizon Superstar.

The Forza Horizon 4 Ultimate Edition digital bundle includes the full game and Car Pass, VIP Membership, Formula Drift Car Pack, Best of Bond Car Pack, and the Fortune Island and LEGO Speed Champions game expansions.','2018-09-28','14',1,'1,4','//images.igdb.com/igdb/image/upload/t_thumb/co2ec2.jpg','2024-09-04 15:26:35'),
(5,'a119af9f-b361-4e91-b32d-1ebae8cb42a6','Persona 5 Royal','An enhanced version of Persona 5 with some new characters and a third semester added to the game. Released Internationally in 2020.','2019-10-31','16,20,2',4,'1,3,2,4','//images.igdb.com/igdb/image/upload/t_thumb/co1nic.jpg','2024-09-04 15:26:35'),
(6,'e21805ac-4323-4e5f-b053-04b7b10b2952','Baldur''s Gate 3','An ancient evil has returned to Baldur''s Gate, intent on devouring it from the inside out. The fate of Faerun lies in your hands. Alone, you may resist. But together, you can overcome.','2023-08-03','16,19,20,21,2',5,'1,2,4','//images.igdb.com/igdb/image/upload/t_thumb/co670h.jpg','2024-09-04 15:26:35'),
(7,'506ef29d-7be8-48bc-9917-8e8651e3d171','The Witcher 3: Wild Hunt - Complete Edition','The Witcher 3: Wild Hunt is a story-driven, open world adventure set in a dark fantasy universe. You are Geralt of Rivia, mercenary monster slayer. At your disposal is every tool of the trade: razor-sharp swords, lethal mixtures, stealthy crossbows, and powerful combat magic. Before you stands a war-torn, monster-infested continent you can explore at will. Your current contract? Tracking down the Child of Prophecy, a living weapon that can alter the shape of the world. The Complete Edition contains every piece of downloadable content released for the game, including two massive story expansions: Hearts of Stone & Blood and Wine. It''s the perfect opportunity to enter this world for the first time or relive the adventure – on the go!','2016-08-29','16,2',5,'1,3,2,4','//images.igdb.com/igdb/image/upload/t_thumb/co5uct.jpg','2024-09-04 15:26:35'),
(8,'f64168a0-60d6-488e-a075-912e5152bc06','Black Myth: Wukong','Black Myth: Wukong is an action RPG rooted in Chinese mythology. The story is based on Journey to the West, one of the Four Great Classical Novels of Chinese literature. You shall set out as the Destined One to venture into the challenges and marvels ahead, to uncover the obscured truth beneath the veil of a glorious legend from the past.','2024-08-20','16,2',4,'1,2,4','//images.igdb.com/igdb/image/upload/t_thumb/co8h3y.jpg','2024-09-04 15:26:35'),
(9,'37cdb102-c547-41b4-a8b6-3050215462bb','Street Fighter 6','The evolution of fighting games starts with our traditional Fighting Ground, and then we''re turning the genre on its head with World Tour and Battle Hub for a total of three modes where anyone can play to their liking.

No one starts off as a champion. You get there step by step, punch by punch.
Take up the challenge and bring your game to the next level.','2023-06-02','9,4',3,'1,2,4','//images.igdb.com/igdb/image/upload/t_thumb/co5vst.jpg','2024-09-04 15:26:35'),
(10,'4021e0e2-9585-4699-8113-f81d1364f439','Tekken 8','Tekken 8 is the eighth canon release and tenth overall entry in the Tekken series. The game''s story features 32 former and new characters, each with their own narrative that contributes to the overall story. Tekken 8 features upgraded fighting elements and systems from its predecessor, it also introduces brand-new mechanics such as the "Heat" system and "Tornado" hits. Arcade Quest was another addition to their online mode which includes tournaments, arcade features, customizable avatars and specialized currency that is featured throughout the game.','2024-01-26','9',4,'1,2,4','//images.igdb.com/igdb/image/upload/t_thumb/co7lbb.jpg','2024-09-04 15:26:35');

INSERT INTO game_article (id,uuid,price,stock,platform,game_info_id,created_at) VALUES
(1,'bb770102-9896-4b12-9206-a4a7fe564db5',59.99,27,1,1,'2024-09-04 15:26:35'),
(2,'0c6c5f02-e480-490b-829d-27866f24cfa8',29.99,37,2,1,'2024-09-04 15:26:35'),
(3,'d84ef3b0-207f-49a1-9e3e-5a581f629620',79.99,4,4,1,'2024-09-04 15:26:35'),
(4,'b5604a0d-96d9-47a8-9123-a69fae5a6b64',49.99,31,3,2,'2024-09-04 15:26:35'),
(5,'e01b6247-d162-4fd5-babe-edc29ff8fdac',69.99,26,1,3,'2024-09-04 15:26:35'),
(6,'cd146625-b2d9-4bfc-a842-a5945f16919a',39.99,23,2,3,'2024-09-04 15:26:35'),
(7,'80856ca5-ce76-4253-bb10-fad11d85c02e',49.99,32,4,3,'2024-09-04 15:26:35'),
(8,'1daa92fe-86df-4c37-a239-19362867db9f',29.99,39,1,4,'2024-09-04 15:26:35'),
(9,'04088318-cc6d-47b0-bc86-3d145d28b814',29.99,41,4,4,'2024-09-04 15:26:35'),
(10,'60f52de5-8f41-47d4-a08c-f03a53c46f05',79.99,22,1,5,'2024-09-04 15:26:35'),
(11,'c65cdbbe-4f0b-4f3f-bd4e-e664b60d27d0',39.99,29,3,5,'2024-09-04 15:26:35'),
(12,'dfe20bb3-5a59-4e13-ab33-8b18cf328594',39.99,8,2,5,'2024-09-04 15:26:35'),
(13,'072789f9-6b86-4099-9903-75aabf4247e1',59.99,39,4,5,'2024-09-04 15:26:35'),
(14,'35afa23b-dc79-4a26-b86e-7748c1c3be2c',49.99,17,1,6,'2024-09-04 15:26:35'),
(15,'67ca1395-b3af-4668-b168-c2667e51b64a',39.99,15,2,6,'2024-09-04 15:26:35'),
(16,'a12e70d5-e1e4-473e-a698-579f471b1cc3',59.99,17,4,6,'2024-09-04 15:26:35'),
(17,'e49b1f28-3f34-4ce1-b4ca-cd79f91957f2',79.99,36,1,7,'2024-09-04 15:26:35'),
(18,'02181518-3f2e-494a-a031-efaa9a0e8400',59.99,5,3,7,'2024-09-04 15:26:35'),
(19,'ddab4830-914e-49e5-a442-ab42eedd34f6',29.99,42,2,7,'2024-09-04 15:26:35'),
(20,'12178096-f904-4058-9d0f-8008f9a92d22',29.99,22,4,7,'2024-09-04 15:26:35'),
(21,'6b1f5614-b8a8-42ed-936b-7808aa92b931',29.99,0,1,8,'2024-09-04 15:26:35'),
(22,'b6cf3b42-b709-4474-b3e9-f5a847f81a69',59.99,26,2,8,'2024-09-04 15:26:35'),
(23,'a45a26ff-e061-4906-9f0e-c0dfe084fa16',29.99,13,4,8,'2024-09-04 15:26:35'),
(24,'dc243074-3c48-4214-ac6e-73ef31b5d051',29.99,45,1,9,'2024-09-04 15:26:35'),
(25,'02ce9c1c-7b6b-4a8f-a47e-149799100f60',39.99,44,2,9,'2024-09-04 15:26:35'),
(26,'cdff5d24-e837-418f-a595-3ec324d56748',69.99,10,4,9,'2024-09-04 15:26:35'),
(27,'9b28d849-11a6-4621-8f21-859e8bd07662',39.99,22,1,10,'2024-09-04 15:26:35'),
(28,'b25eb8be-130a-48c0-b562-f8fd799b41e3',39.99,27,2,10,'2024-09-04 15:26:35'),
(29,'3cf8f6cd-9d3c-4a81-8c92-f298985c07a7',69.99,12,4,10,'2024-09-04 15:26:35');

insert into home_page_data (id, uuid, created_at) values
(1, uuid(), now());

insert into home_page_data_games_articles (games_articles_id, home_page_data_id) values
(1, 1), (4, 1), (15, 1), (23, 1), (28, 1);

insert into promotion (id, uuid, game_article_id, discount_rate, start_date, end_date, created_at) values
(1, uuid(), 19, 20, DATE(NOW() - INTERVAL 1 DAY), DATE(NOW() + INTERVAL 60 DAY), NOW()),
(2, uuid(), 25, 30, DATE(NOW() - INTERVAL 1 DAY), DATE(NOW() + INTERVAL 60 DAY), NOW()),
(3, uuid(), 9, 15, DATE(NOW() - INTERVAL 1 DAY), DATE(NOW() + INTERVAL 60 DAY), NOW()),
(4, uuid(), 7, 5, DATE(NOW() - INTERVAL 1 DAY), DATE(NOW() + INTERVAL 60 DAY), NOW());

insert into home_page_data_promotions (home_page_data_id, promotions_id) values
(1, 1), (1, 2), (1, 3), (1, 4);

insert into agence (id, uuid, name, address, code_postal, city, country, created_at) values
(1, uuid(), "GameStore", "1 rue du jeux vidéo", 44000, "Nantes", "France", now()),
(2, uuid(), "GameStore", "1 rue du jeux vidéo", 59800, "Lille", "France", now()),
(3, uuid(), "GameStore", "1 rue du jeux vidéo", 33800, "Bordeaux", "France", now()),
(4, uuid(), "GameStore", "1 rue du jeux vidéo", 75111, "Paris", "France", now()),
(5, uuid(), "GameStore", "1 rue du jeux vidéo", 31000, "Toulouse", "France", now());

insert into user (id, uuid, first_name, last_name, email, password, role, created_at) values
(1, uuid(), "admin", "admin", "admin@email.gs.com", "ECF++2test++3", 3, now()),
(2, uuid(), "employee", "employee", "employee@email.gs.com", "ECF++2test++3", 2, now()),
(3, uuid(), "user", "user", "user@email.gs.com", "ECF++2test++3", 1, now());
